<?xml version="1.0" encoding="UTF-8"?>
<project-private xmlns="http://www.netbeans.org/ns/project-private/1">
    <editor-bookmarks xmlns="http://www.netbeans.org/ns/editor-bookmarks/2" lastBookmarkId="0"/>
    <open-files xmlns="http://www.netbeans.org/ns/projectui-open-files/2">
        <group>
            <file>file:/C:/Users/USER/Documents/NetBeansProjects/PROJECT/src/SignIn.java</file>
            <file>file:/C:/Users/USER/Documents/NetBeansProjects/PROJECT/src/Main/CustDet.java</file>
            <file>file:/C:/Users/USER/Documents/NetBeansProjects/PROJECT/src/Main/deleteuser.java</file>
            <file>file:/C:/Users/USER/Documents/NetBeansProjects/PROJECT/src/Main/AdminDisp.java</file>
            <file>file:/C:/Users/USER/Documents/NetBeansProjects/PROJECT/src/Main/receipt.java</file>
            <file>file:/C:/Users/USER/Documents/NetBeansProjects/PROJECT/src/HomeTheatre.java</file>
            <file>file:/C:/Users/USER/Documents/NetBeansProjects/PROJECT/src/MainPage.java</file>
            <file>file:/C:/Users/USER/Documents/NetBeansProjects/PROJECT/src/SignUp.java</file>
            <file>file:/C:/Users/USER/Documents/NetBeansProjects/PROJECT/src/Main/MainPage.java</file>
            <file>file:/C:/Users/USER/Documents/NetBeansProjects/PROJECT/src/Main/SignIn.java</file>
            <file>file:/C:/Users/USER/Documents/NetBeansProjects/PROJECT/src/Main/Payment.java</file>
            <file>file:/C:/Users/USER/Documents/NetBeansProjects/PROJECT/src/Main/display.java</file>
        </group>
    </open-files>
</project-private>
